Year,Month,Male_Death,Male_ASMR,Female_Death,Female_ASMR,Young_Death,Young_ASMR,Middle_Death,Middle_ASMR,Old_Death,Old_ASMR,Hispanic_Death,Hispanic_ASMR,White_Death,White_ASMR,Black_Death,Black_ASMR,Asian_Death,Asian_ASMR,AI_Death,AI_ASMR
1999,January,64573,100.1643435,73120,70.03893251,3421,3.903873852,18342,32.43824038,115930,344.658114,6026,77.87633579,113921,80.50057305,15332,109.5260694,1960,56.29038009,454,72.0309794
,February,58011,89.83561527,66834,63.93674755,3062,3.497655349,16004,28.28416975,105779,314.1704554,5281,68.79224617,103671,73.09591182,13658,97.613766,1803,50.63798878,432,64.0084187
,March,62969,97.54364027,72591,69.40047023,3406,3.892804342,17534,31.05093469,114620,340.515228,5423,70.42460879,113046,79.77247605,14798,105.5002843,1844,52.05341133,449,68.269219
,April,54937,84.62375656,61542,58.99370922,3175,3.625696057,15903,28.10763618,97401,288.8643035,4762,61.12504937,96529,68.14653062,13167,93.3858853,1602,45.69663718,419,61.43361787
,May,53129,81.66999134,59094,56.73226984,3163,3.611690421,15886,28.03741208,93174,276.2964152,4747,60.37809806,92729,65.54745143,12701,89.95594668,1664,47.17288365,382,56.30971973
,June,49780,76.17067589,54664,52.48542224,3053,3.485467339,14989,26.4091471,86402,255.9807922,4424,56.03148747,86075,60.88077347,12008,84.84963282,1536,42.97730053,401,60.00555979
,July,50961,78.00169772,56839,54.57961873,3211,3.665309147,15363,27.0772992,89226,264.4093169,4814,61.06900655,88098,62.27999547,12942,91.77337757,1594,44.97261685,352,52.03241164
,August,49559,76.09900425,55081,52.95694043,3031,3.471260859,14938,26.3344311,86671,257.0356173,4498,57.66117283,85635,60.54647082,12646,89.57322891,1493,41.43100679,368,52.95830382
,September,48875,75.08470941,54951,52.67615437,2970,3.392651351,14502,25.52390033,86354,256.0677827,4291,54.58000406,85544,60.42061429,12112,85.88046802,1482,40.77651792,397,58.13427992
,October,53995,83.3098215,60153,57.67789418,3084,3.525665243,15821,27.91774386,95243,282.6615445,4810,61.28339389,94084,66.46656584,13172,93.93386087,1644,46.02763596,438,65.82329484
,November,53167,82.2471979,59518,56.99560862,2987,3.416476939,15385,27.16300128,94313,280.1415401,4843,61.83152339,93028,65.76108161,12785,91.24855523,1605,45.15521215,424,63.76360148
,December,62635,96.97158376,70916,67.98749044,3361,3.839830902,18020,31.85818501,112170,333.2032866,6001,77.60924438,109953,77.70006647,15092,107.418741,2044,59.54990781,461,69.58279132
2000,January,69150,106.1481212,79490,75.01955303,3405,3.888789148,19151,33.10922674,126084,370.5413517,6299,78.26499099,123460,86.31788203,16274,115.0025797,2086,56.11347518,521,73.78909398
,February,56393,85.9507865,64576,61.10870195,3112,3.549996451,16306,28.16188835,101551,297.9501849,5164,63.34515895,99974,69.90073594,13678,96.14687073,1725,45.5061992,428,59.23604478
,March,55878,85.0168175,63002,59.65841469,3097,3.528886352,16231,28.02775988,99552,291.7915821,5135,63.10387892,98271,68.68728213,13343,93.60244665,1692,45.54695188,439,60.3138429
,April,52756,80.10543305,58599,55.51518081,2978,3.398162186,15472,26.66372805,92905,272.4709182,4800,58.53344,91935,64.34437252,12548,88.16694257,1605,43.18080398,467,63.48450746
,May,52908,80.16138899,59132,56.12499259,3060,3.498011357,15857,27.36573846,93123,272.9602291,4920,60.27861817,92300,64.63268147,12742,89.12819893,1657,43.62891256,421,57.84324514
,June,49828,75.37744409,55213,52.37422154,2807,3.201493231,15157,26.08552754,87077,255.02559,4634,56.31450475,86308,60.45018648,12067,84.28457257,1621,41.66779434,411,56.43141497
,July,50447,76.532027,57129,54.16614486,2929,3.3417667,15422,26.57346639,89225,261.5735387,4749,58.07085844,88430,61.97927709,12409,86.67426957,1574,41.18435017,414,56.61271892
,August,50739,77.04052639,56878,53.95818738,2877,3.27492993,15367,26.46120399,89373,262.0741553,4645,56.59280123,88462,61.96289553,12461,87.56357114,1643,43.36406087,406,54.03274596
,September,50037,75.97249,56871,53.88986445,2821,3.218187526,15114,26.03080364,88973,261.0612484,4641,56.33406016,87758,61.45135333,12460,87.37697466,1653,43.8495652,396,54.05473495
,October,53593,81.54617052,61493,58.20772238,2841,3.239812316,15831,27.28523899,96414,282.7572402,4946,60.39251179,94976,66.43375155,13041,91.8067483,1718,45.38204871,405,57.26264433
,November,55021,83.95394539,61970,58.62131128,2927,3.338384856,16154,27.84641324,97910,287.2724778,5127,62.78823763,96398,67.44887212,13271,93.62309314,1777,47.38486527,418,56.589945
,December,60845,92.9952441,69585,65.8615191,3158,3.602443067,17935,30.95697491,109337,321.157669,5595,69.35188207,107761,75.47745552,14726,103.8976,1921,50.76889696,427,58.01136839
2001,January,62542,93.18397292,72016,67.13107769,3359,3.830199155,18146,30.15761322,113053,326.945769,6117,70.97218108,110691,76.3174793,15168,105.115293,2106,51.33762213,476,64.14941797
,February,54805,81.50182877,62163,57.94838955,2916,3.32599853,16147,26.75442912,97905,282.8732891,5232,60.74847745,96192,66.30582714,13224,91.41112811,1878,46.21156863,442,59.08107944
,March,58924,87.66363979,67851,63.25135476,3221,3.67153793,17432,28.94387857,106122,306.7052608,5576,64.49034437,104606,72.15889578,14196,98.16456045,1930,47.35405581,467,61.89088051
,April,55044,81.74095484,62737,58.52011994,2960,3.37055563,16263,26.9766373,98558,284.7229453,5215,60.68523302,96996,66.87772596,13295,91.55826631,1816,43.81410702,459,63.81646075
,May,54394,80.72980938,61379,57.2874079,3062,3.489618146,16173,26.80044685,96538,278.9446981,5247,60.81321798,95000,65.52831333,13228,91.02467505,1865,45.65677742,433,57.53831848
,June,51592,76.41287724,57903,54.02971618,2950,3.36509339,15471,25.61701279,91074,263.1437232,4780,55.17398195,89968,62.05839748,12704,87.63764358,1656,40.37044393,387,51.78284182
,July,50846,75.26032158,57509,53.76357705,2903,3.311878917,15786,26.11971844,89666,259.0261088,5094,58.15286922,88296,60.96750738,12872,88.80612963,1711,42.12376666,382,50.93165071
,August,50554,74.75623826,57112,53.40281578,2952,3.364711313,15922,26.36368665,88792,256.5385803,4917,56.06399826,87854,60.73612519,12773,88.02848592,1711,41.44558078,411,54.73432465
,September,49456,73.46524189,56049,52.41123167,2851,3.245982766,15361,25.44365423,87293,252.3610341,4913,56.38853706,86075,59.47290763,12423,85.39571707,1689,40.87978407,405,53.18496471
,October,54133,80.51476246,61271,57.19317171,2949,3.356778306,16352,27.11022587,96103,277.8518185,5319,61.34699078,94381,65.13368455,13525,93.47098005,1762,42.66217585,417,54.52728908
,November,52987,78.83490983,59798,55.91191979,2942,3.351803568,15980,26.54629001,93863,271.3128429,5174,59.18805804,92581,63.95120252,12880,89.11888911,1732,41.97238119,418,56.67891071
,December,57416,85.46693055,64698,60.41765454,3053,3.471659059,17377,28.80903189,101684,294.0726138,5818,66.9479609,100031,69.06646742,13803,95.44735973,2006,49.18515356,456,61.45371946
2002,January,62291,91.14778597,70361,64.84119719,3377,3.867933266,18689,29.74278101,110586,316.3486392,6340,69.86634831,108657,74.0725507,15091,102.9341537,2088,48.17178355,476,61.65252812
,February,57549,84.34397576,65445,60.23034767,2951,3.378263084,16657,26.50108015,103386,295.6754331,5658,62.42132471,100961,68.71109257,13853,94.6979886,2034,47.037849,488,63.38965363
,March,61095,89.40018445,70519,64.91343069,3288,3.764978308,17947,28.54490835,110379,315.6562185,5981,66.22000834,108506,73.90944903,14536,98.94362249,2108,48.56600665,483,62.52432315
,April,54002,78.54003365,61042,56.27195389,3076,3.529648012,16528,26.28565166,95440,272.6663397,5395,59.28183402,94473,64.39151841,12830,86.98944283,1914,44.47537828,432,56.41840319
,May,54556,79.24944628,59962,55.3881002,3206,3.672617189,16796,26.65305854,94516,269.9043157,5297,57.8721862,93551,63.77594058,13343,90.38692345,1866,42.93130625,461,61.69140188
,June,50414,73.26322994,55701,51.42382407,2932,3.34789735,15706,24.99008047,87477,249.8708914,4861,53.175241,86765,59.21572916,12377,84.31086772,1689,38.50284727,423,54.62500477
,July,51493,74.74754582,57275,52.9786961,3058,3.501715251,16629,26.37350555,89081,254.4614461,5261,57.17134742,88433,60.38101551,12837,87.00595344,1816,41.7319417,421,53.8162356
,August,50775,73.77081495,56089,51.78491517,3020,3.454273828,15973,25.3533537,87871,251.0810134,4939,53.71680944,87304,59.60212599,12444,84.22082341,1766,40.64239535,411,53.48594898
,September,49803,72.42346832,55614,51.37599882,2825,3.238854043,15579,24.74400995,87013,248.795544,4868,52.78169331,86250,58.89128354,12201,82.82623761,1693,38.69642086,405,52.65836338
,October,53528,78.02141032,59979,55.34825653,2963,3.397167562,16845,26.74818294,93699,268.0268467,5237,56.84082433,92867,63.42381681,13140,89.39410748,1818,41.38836663,445,57.48350012
,November,55007,80.23098807,61144,56.4102789,3014,3.448615623,17033,27.08473912,96104,274.9511247,5341,58.24260246,95126,64.95102762,13319,91.00346661,1886,42.93298203,479,62.25833025
,December,60140,87.97030949,67717,62.41992476,3294,3.766777544,18306,29.13915134,106257,304.1515716,5849,64.41064521,104733,71.48592857,14720,100.1958492,2066,48.10608198,489,64.25511874
2003,January,61632,88.0267196,69011,62.68536356,3363,3.873279404,18848,28.84206889,108432,305.7799595,6108,63.78638044,106746,71.77686567,15089,100.7929841,2213,47.93459121,487,63.36588647
,February,55105,78.47638824,61769,56.13341262,3017,3.484347765,17237,26.34694734,96620,272.4222382,5460,56.47832511,95490,64.26714854,13494,90.1242874,1962,42.24573272,468,59.25115699
,March,58052,82.60270848,64708,58.89714392,3225,3.721220003,18130,27.68810852,101405,285.7869084,5650,58.51871619,100568,67.66506469,13989,93.02247946,2048,44.48759532,505,64.99584585
,April,53889,76.58124563,60072,54.69543574,3057,3.526163704,16998,25.97295692,93906,264.6273201,5353,55.37199927,93079,62.63548964,13161,87.56589956,1919,41.50169443,449,56.30276442
,May,53969,76.65660153,58917,53.60842585,3025,3.478933453,16950,25.89055915,92911,261.5497232,5495,56.92826207,91798,61.71420687,13156,87.3765626,1980,42.46968053,457,58.09298125
,June,51332,72.84006089,56543,51.5431658,3024,3.490953259,16255,24.85774941,88596,249.5632473,5185,53.05396463,87813,59.08837172,12557,83.70218748,1889,40.49594109,431,53.24171859
,July,51322,72.66753029,56540,51.52610172,3013,3.476228134,16765,25.57594675,88084,248.0887941,5182,53.42934157,87626,59.00872342,12772,84.68964137,1806,38.86902146,476,58.15086581
,August,50843,71.95350019,56159,51.13466538,3001,3.460896547,16388,24.98243275,87613,246.823753,5158,53.34594803,86826,58.47311727,12738,84.74272446,1818,38.95516717,462,56.44907609
,September,50384,71.55934125,55074,50.19448558,2942,3.389438704,16098,24.56683294,86418,243.4908915,5102,52.80046482,85612,57.63238271,12458,82.7532378,1834,39.38671705,452,57.47174257
,October,53800,76.70196716,60344,54.90321339,3058,3.52696524,17065,26.05273167,94021,265.2097159,5385,55.90522462,93145,62.71063397,13242,88.16085713,1865,40.27656797,507,63.91145465
,November,53858,76.74748547,59973,54.60236645,3058,3.530260174,16954,25.88318197,93819,264.5839359,5658,58.25292273,92675,62.38124909,13117,87.53079255,1868,40.25216845,513,62.88616715
,December,65281,93.63047145,74530,67.76579168,3408,3.928764409,20198,30.91785705,116205,328.1962606,6698,70.14667074,114568,77.1250876,15724,104.884772,2242,49.20240708,579,73.96054312
2004,January,64306,90.24834481,72901,65.34128406,3391,3.930853104,19522,28.75668592,114294,318.5903727,6627,66.02405221,112354,74.65996459,15294,100.0475919,2379,49.48945246,553,68.6238614
,February,55475,77.37964073,62003,55.72631027,3082,3.575162429,17365,25.56816075,97031,270.0670222,5672,55.33704196,95652,63.58152009,13704,89.45153364,2018,41.5882864,432,53.16184994
,March,57259,79.74959306,62568,56.25497776,3150,3.649462022,18231,26.84682449,98446,273.8117709,5807,56.98855182,97576,64.87868032,13774,89.86358417,2148,44.13945089,522,63.26119877
,April,53332,74.13557106,58197,52.35595074,2998,3.473055601,17096,25.17772096,91435,254.3421409,5291,51.82989381,90961,60.50584954,12922,84.13764926,1890,39.08381536,465,56.8254364
,May,52211,72.48549071,56870,51.25519325,3039,3.524804262,17236,25.37948414,88806,247.054175,5355,51.73099103,88418,58.85647766,12938,84.23814616,1925,39.034889,445,54.04037414
,June,49674,69.00534169,54269,48.92504304,2947,3.415428775,16436,24.18889242,84560,235.2482883,5052,49.33129494,84260,56.11637363,12344,80.32048269,1848,37.66944325,439,54.33143948
,July,50418,69.83395607,54795,49.39028106,3054,3.541354436,16965,24.95575173,85194,237.075223,5190,49.93357916,84839,56.53605886,12796,83.01795933,1891,38.2292133,497,60.99613709
,August,49831,69.09159953,54688,49.25708872,3093,3.5903966,16700,24.55614856,84726,235.7366613,5111,49.30882452,84623,56.37037138,12555,81.76587032,1770,36.05560877,460,55.79644173
,September,48606,67.60247981,53165,47.92795364,2883,3.340030194,16148,23.78377595,82740,230.3942257,5076,49.59245852,82334,54.87694937,12165,79.1617873,1758,36.01385518,438,54.66891831
,October,53033,73.87633318,57679,51.96233061,3021,3.506539864,17356,25.55756287,90335,251.4911461,5417,52.93315088,89693,59.72720227,13158,85.53273832,1975,39.66859731,469,58.61120608
,November,52100,72.67717129,57077,51.36522679,2947,3.414350352,16995,25.01166583,89235,248.4772173,5318,52.01785755,88476,58.8967584,13027,84.67764159,1906,39.03683054,450,54.16536287
,December,57330,80.13324624,63370,57.03375184,3105,3.599151164,18778,27.69779816,98817,275.299563,6020,59.25670408,97718,65.07397863,14372,93.69398902,2103,43.34893537,487,61.2145186
2005,January,61216,83.48880803,68423,60.38612465,3319,3.867798759,19566,27.85706158,106754,291.8295061,6395,59.44568248,105415,69.00742382,14901,94.3902037,2383,45.95471073,545,63.62815474
,February,57011,77.91052093,64366,56.68932991,2972,3.470660018,17869,25.44316656,100536,274.9047685,5960,55.87155435,99114,64.84726429,13686,87.37483769,2122,40.32671602,495,58.20230711
,March,61286,83.77351733,69851,61.59714524,3274,3.824001465,19407,27.59661005,108456,296.6523339,6275,58.6631828,106999,70.00850601,15018,95.51403672,2307,44.56945997,538,62.20565822
,April,54635,74.34044865,60126,53.12011231,3058,3.572511914,17592,25.00822153,94111,257.2049776,5757,53.53264233,93373,61.13815054,13052,82.94448043,2070,39.57006546,509,60.38596218
,May,53813,72.98102238,58468,51.7839849,3030,3.539374842,17999,25.60499433,91252,249.3546685,5696,52.33380576,90750,59.509447,13267,83.96812092,2069,39.7024627,499,60.01967312
,June,49773,67.2545347,53499,47.40999103,2837,3.31392527,17052,24.24101017,83383,227.7396642,5365,49.53210648,83292,54.65074213,12223,77.32070034,1915,36.26070075,477,56.8769014
,July,50284,67.95339632,54085,47.92736428,3079,3.599571925,17280,24.56137381,84010,229.5557566,5388,49.9299874,83988,55.12614972,12605,79.70269501,1952,36.98089506,436,51.75542409
,August,49955,67.67934161,53908,47.79248114,2928,3.422717027,17081,24.28958724,83854,229.1821546,5478,50.28594328,83163,54.57747828,12822,81.06452499,1920,36.38719103,480,54.8807158
,September,48892,66.20379729,52475,46.47585981,2827,3.302600049,16530,23.48555052,82010,224.1619373,5450,49.88123552,81276,53.31470366,12338,77.88170352,1838,35.06094298,465,55.12576062
,October,52088,70.80472923,57195,50.61150438,2961,3.463097808,17374,24.69099176,88948,243.2448502,5730,52.91602958,87908,57.65988488,13129,83.3580935,2043,38.75175982,473,55.75632773
,November,53077,72.14276702,57434,50.79447253,2913,3.40584038,17765,25.23748621,89833,245.6452435,5757,53.07108706,89112,58.4361355,13058,82.91109166,2030,38.52390004,554,64.87297977
,December,59895,81.62808358,64278,56.88994998,3222,3.758844362,19944,28.38009238,101007,276.3853198,6608,61.46122321,99682,65.41635282,14882,94.51459271,2429,47.01593672,572,67.18590368
2006,January,59420,78.7394039,64755,56.23049947,3310,3.895747159,19598,26.97850302,101267,271.409783,7049,62.61294931,99941,64.40051878,14263,88.31028991,2384,42.5437627,538,61.39143681
,February,54330,71.98683853,59729,51.90789644,2966,3.492948621,18201,25.06234315,92892,248.9954516,5956,52.71291408,91957,59.24685282,13464,83.3448724,2132,38.61342332,550,63.8511565
,March,59169,78.70694994,65505,56.85173833,3174,3.738128268,19315,26.60438327,102185,273.9516319,6316,55.44606377,101084,65.08767024,14384,89.28778551,2310,42.08022114,580,65.98367803
,April,54148,71.6072066,58191,50.54837159,3022,3.555744511,18075,24.85225335,91242,244.5795538,5807,50.97643177,90788,58.52833424,13037,80.6565188,2243,40.94412342,464,52.5843279
,May,53498,70.63290214,56955,49.60454243,3004,3.537107952,18300,25.20419002,89149,238.9617298,5595,48.63662714,89030,57.46118244,13161,80.93516379,2188,39.5662054,479,55.218778
,June,49532,65.32186444,52727,45.94362877,2941,3.470143096,17329,23.8455603,81989,219.8266369,5250,45.74101366,82500,53.29248546,12084,74.35300277,1960,34.88766721,465,52.75302805
,July,51155,67.41781524,54378,47.35727445,3082,3.633472738,17937,24.6798466,84514,226.6054052,5611,48.96864962,84714,54.72911195,12675,78.12606615,2058,36.96370219,475,52.27890777
,August,50133,66.15062957,53578,46.6764854,2965,3.489491666,17519,24.10263018,83227,223.1963695,5478,47.47640841,82983,53.59371722,12659,77.98300801,2109,37.54817314,482,54.0495927
,September,49099,64.90753104,52935,46.06463841,2777,3.274220038,16856,23.18338349,82401,221.0395027,5217,45.49857675,82219,53.06904884,12204,75.18621932,1924,34.5630345,470,54.25768998
,October,53314,70.55254157,57818,50.27667925,2884,3.396874057,18417,25.34835496,89831,240.9286631,5632,49.56303376,89450,57.71497172,13456,83.1931328,2107,37.74913552,487,55.11171648
,November,53176,70.44926385,57498,49.97211844,2955,3.481338822,17938,24.69088276,89781,240.7515201,5710,50.20992122,89350,57.62883598,13004,80.22382768,2100,37.74807427,510,58.42935986
,December,57620,76.58883427,62410,54.27709006,3115,3.675242712,19552,26.92355278,97363,261.2434276,6362,56.08585802,96771,62.4261912,14046,86.83113474,2332,42.29405307,519,60.12230901
2007,January,59519,76.90447521,65161,55.53793027,3068,3.651277403,20092,26.6630904,101520,266.7824742,6692,55.75776156,100613,63.67738102,14386,86.63802493,2422,41.56272252,567,63.19269382
,February,55521,71.71773497,59600,50.72862657,2907,3.457962112,18515,24.56747212,93699,246.2563717,5901,49.01890577,93163,58.98830373,13381,80.84556096,2169,37.3610038,507,55.64341323
,March,58189,75.1031304,63021,53.67725369,3017,3.586528805,19329,25.66511398,98864,259.822923,6455,53.93628117,97665,61.81849779,14153,85.2494294,2420,41.63539128,517,57.307041
,April,54665,70.53788428,58375,49.79036885,2957,3.51480429,18418,24.43425337,91665,240.9302761,5897,49.31694995,90807,57.51718795,13484,80.90327615,2284,38.87928663,568,63.42533246
,May,52803,67.90781782,56536,48.29794623,2912,3.46612684,18238,24.20004574,88189,231.652537,5803,47.92871499,87742,55.59750994,13154,78.8786254,2159,36.57098831,481,53.46673258
,June,49330,63.31667897,52684,45.01723014,2865,3.405913195,17263,22.91061665,81886,215.1580407,5429,44.97217535,81796,51.88292817,12342,74.08523077,1960,33.01489997,487,54.39869593
,July,50314,64.67154581,52834,45.15458625,2936,3.491888646,17582,23.33706373,82630,217.1339723,5548,45.78081068,82459,52.31661646,12620,75.69053911,2043,34.56396643,478,51.93397764
,August,49625,63.77796974,52814,45.17297719,2879,3.422144961,17580,23.34273732,81980,215.4775874,5581,46.0845286,81808,51.92882227,12557,75.36898373,2009,34.06265129,484,52.99001967
,September,49012,63.09686649,52503,44.834194,2805,3.335320123,17216,22.84658408,81494,214.2562585,5478,45.24347608,81271,51.56323438,12283,73.79895316,1990,33.56376636,493,54.45397998
,October,52379,67.54614654,55648,47.49852907,2828,3.362211839,18101,24.03014219,87098,228.9232221,5620,46.63487517,86974,55.14604425,12825,77.34695557,2110,36.05952696,498,54.11804719
,November,52895,68.27168368,57140,48.74974918,2734,3.25329517,18204,24.16690752,89097,234.2341034,5923,49.36695948,88330,55.982581,13054,78.94130058,2194,37.27933214,534,59.74456853
,December,58189,75.19662811,62062,52.91011746,2938,3.494883646,19859,26.37993195,97454,256.2653355,6314,52.45127342,96935,61.43138424,14088,84.94397374,2379,40.48337481,535,58.85840606
2008,January,59945,75.46767618,64756,54.18682022,3145,3.778503583,20140,26.03927409,101416,260.9610469,6951,55.27837264,100106,62.33610226,14417,84.50243846,2663,43.09070995,564,59.64138508
,February,59759,75.34210605,65279,54.61116904,3024,3.632109366,20206,26.11937465,101808,262.0627015,6779,53.52691621,100959,62.87514093,14177,83.23071921,2520,40.8087663,603,64.63743497
,March,61415,77.65191443,67777,56.59553053,3062,3.676780884,20341,26.30148184,105789,272.3170382,7067,56.2290867,104407,64.94422969,14552,85.50625101,2550,41.57962337,616,66.64768091
,April,54222,68.2792626,58681,49.08471825,2752,3.308003128,18289,23.63629532,91862,236.4351531,6076,48.13927694,91037,56.70743901,12916,75.71740725,2379,38.46452533,495,52.86705558
,May,53332,66.86880526,56543,47.41855762,2835,3.404217625,18367,23.73363148,88673,228.1828773,5914,46.40683909,88322,55.08335214,12822,74.80477827,2286,36.89375839,531,55.79362378
,June,50175,62.84651625,52801,44.35740193,2669,3.204829802,17797,23.00865532,82510,212.326271,5612,43.78194966,82357,51.38938936,12415,72.23948026,2081,33.66200774,511,53.46239028
,July,50047,62.67586692,52400,44.03651398,2726,3.274690098,17765,22.96586348,81956,210.9025743,5594,43.47648874,82013,51.19903622,12284,71.59859183,2082,32.9245854,474,50.73215789
,August,49843,62.28353399,52330,43.96546391,2762,3.318620166,17758,22.94210225,81653,210.1546275,5607,43.93913675,81819,51.10491479,12267,71.43839274,2033,32.84115759,447,45.6182542
,September,48642,60.95523868,51406,43.16561371,2583,3.104151757,17038,22.01448683,80427,206.9770284,5418,42.56519395,80063,49.97312632,12121,71.14667953,1975,31.25315813,471,50.40158162
,October,52687,66.1952872,55877,46.8860181,2778,3.339189937,18272,23.61843673,87514,225.2501699,5748,45.54886862,87373,54.51829712,12687,74.25184515,2257,36.16091991,499,51.85337626
,November,53331,67.05239865,56560,47.46382217,2726,3.27612959,18447,23.86419312,88718,228.3567653,5842,46.2643126,88444,55.17025762,12879,75.54231753,2241,36.0354967,485,50.5672441
,December,59093,74.30503503,62198,52.20292635,3005,3.609210519,20330,26.29056049,97956,252.1939251,6503,51.20921568,97461,60.80250726,14320,83.87621766,2449,39.23321605,558,58.3342857
2009,January,60212,73.86527251,62963,51.80866345,3058,3.709497894,20243,25.41744341,99874,251.9338864,6881,51.20763275,98826,60.63310325,14377,81.90536767,2511,38.27625055,580,60.72482473
,February,53833,66.00923768,57008,46.9811386,2757,3.344382632,18468,23.19361187,89616,226.0523189,6259,46.32493434,88837,54.51677194,12851,73.24641523,2365,36.26553225,529,52.92939904
,March,57455,70.48505951,60837,50.07984423,2958,3.588065263,19612,24.62509824,95722,241.4762531,6378,47.52337591,95021,58.29665546,13841,78.64132425,2505,38.34765265,547,55.04337328
,April,53652,65.76516363,56817,46.80159885,2683,3.2537257,18447,23.16554852,89339,225.3725881,6067,45.16196688,88630,54.38457228,12873,73.10931346,2344,35.87938495,555,56.59909494
,May,53040,64.8162336,55548,45.84565925,2744,3.329036062,18664,23.43286968,87180,219.9042805,6054,44.92248576,86842,53.35123126,12783,72.29935716,2423,36.69365718,486,50.2455837
,June,50131,61.21669185,52184,43.08954653,2704,3.280861599,17779,22.31878571,81832,206.4287879,5828,42.65692406,81505,50.08689092,12239,69.24068954,2233,33.7932734,510,51.3288844
,July,51252,62.56173886,52759,43.56950168,2862,3.470499833,18314,22.99012661,82835,208.9765306,5940,43.55171171,82835,50.94101175,12435,70.21836755,2280,34.64038922,521,51.27025992
,August,50144,61.18772895,51842,42.83255678,2695,3.269499291,18006,22.6048939,81285,205.0423935,5942,43.79365373,81028,49.82686416,12277,69.55763498,2211,33.20649335,528,52.88715887
,September,50130,61.3208462,51147,42.22134935,2651,3.214874422,17930,22.51428562,80696,203.5755083,5757,42.52795688,80749,49.63658779,12131,68.65088293,2124,32.13903059,516,52.47416939
,October,54682,66.901946,56845,46.90280175,2963,3.595085704,19549,24.54330342,89015,224.5790568,6272,46.22435145,89242,54.85385234,13221,74.86946842,2241,34.05889069,551,55.83131877
,November,53798,65.67343673,55589,45.96284633,2950,3.57789365,19515,24.5016363,86922,219.2878285,6131,45.31957686,87178,53.64184457,13165,74.64768528,2365,36.1207167,548,56.62552958
,December,58934,72.17643167,61273,50.52522981,2924,3.545157149,20780,26.1010433,96503,243.4618648,6783,50.31905396,96140,59.04363656,14142,80.39792274,2574,39.3084514,568,56.88354401
2010,January,60261,72.45042479,62635,50.82814888,2922,3.557576997,20629,25.31493496,99345,246.7096441,7128,51.2741297,98154,59.50578421,14471,80.52046465,2596,37.83450807,547,54.60416787
,February,54471,65.46968785,56765,46.06901266,2574,3.133881996,18783,23.0496109,89879,223.202135,6347,45.51328815,88796,53.81379013,13169,73.17444334,2377,35.02466105,547,55.7913004
,March,58569,70.49660078,61606,50.02807365,2990,3.640367975,20146,24.72222016,97039,240.9830102,6861,49.10250898,96390,58.44261679,13702,76.20482612,2632,38.5784821,590,59.94892232
,April,53662,64.46434283,55923,45.4371584,2640,3.214237944,18652,22.88885389,88293,219.2635221,6525,46.58762519,87581,53.10501293,12550,69.57942823,2364,34.72329513,565,56.31575956
,May,54102,64.94929119,55830,45.39175711,2760,3.360339669,18961,23.2680441,88211,219.0598864,6487,46.3603387,87701,53.22528636,12729,70.52018024,2465,35.9727419,550,54.05203036
,June,50856,60.91319901,52290,42.57270824,2610,3.177712513,18116,22.23109999,82420,204.6787344,6120,43.48360543,82042,49.81238897,12200,67.44757367,2246,32.41917934,538,55.45084038
,July,52041,62.36481629,53732,43.74761179,2699,3.286071292,18752,23.01156917,84322,209.4020898,6106,43.36940174,84149,51.11073314,12630,69.92030635,2351,34.44255204,537,52.5964705
,August,51473,61.71645243,52851,43.0112226,2618,3.187452628,18380,22.55506833,83326,206.9286607,6241,44.38378296,82696,50.19856564,12513,69.33989407,2335,33.99107304,539,52.09135335
,September,50502,60.6536201,52467,42.59543504,2578,3.138752053,17818,21.86540846,82573,205.0586888,5870,42.06705751,82260,49.89770959,12140,67.20242931,2172,31.68697155,527,52.61761492
,October,54200,65.19129541,56885,46.15512626,2657,3.234935689,18911,23.20668646,89517,222.3031578,6326,45.51574951,88828,53.85648365,12900,71.68235359,2424,35.58715183,607,59.68638319
,November,54688,65.78978571,56749,46.09436275,2631,3.203280315,19106,23.44598126,89700,222.7576131,6586,47.39148458,88698,53.77629785,13103,72.75058775,2480,36.20093616,570,56.75611815
,December,61177,73.76958632,62812,50.90757919,2906,3.538096767,20933,25.68798941,100150,248.7087509,7107,51.06634783,98959,59.9428182,14596,81.38832874,2681,39.39784373,646,63.67879166
2011,January,63141,73.40626682,65857,52.02346418,3057,3.716498101,21708,25.87931485,104233,251.2110541,7625,50.60107422,102966,61.0041713,14893,80.11157204,2907,39.25430524,607,58.81200985
,February,57104,66.38253208,59302,46.93653051,2767,3.365491629,19855,23.67253841,93784,226.0416549,6777,44.93662756,92908,55.06923651,13542,72.58358487,2564,34.74770759,615,58.04493005
,March,60097,69.78400887,62625,49.57955674,2951,3.590751348,21037,25.08134773,98734,237.9830674,7261,48.42433405,98140,58.20098138,14003,74.99414494,2661,35.84269535,657,60.242089
,April,55192,64.06521724,57532,45.54342614,2697,3.281774778,19132,22.80483037,90895,219.0880078,6608,43.8557273,90064,53.39516189,12989,69.54243414,2505,33.86520911,558,52.37513279
,May,54712,63.38011162,56855,45.06483531,2787,3.392631325,19463,23.20276653,89317,215.3067937,6544,42.9865062,89106,52.88787187,12784,68.3703851,2509,33.90087217,624,58.17856013
,June,51649,59.72112383,53595,42.51895671,2670,3.247676848,18565,22.12247019,84009,202.5145353,6404,42.12121789,83740,49.72835479,12241,65.53922608,2340,31.30612545,519,46.79932517
,July,53196,61.51672485,53501,42.45194075,2722,3.31246498,19126,22.79896049,84849,204.5258631,6261,41.41631712,84947,50.47950646,12626,67.47027143,2285,30.65759322,578,52.46590286
,August,52171,60.2727408,53525,42.48744878,2605,3.168228253,18995,22.64401149,84096,202.7288573,6367,42.11060154,83828,49.79904812,12636,67.48360317,2333,31.12140436,532,51.32638525
,September,51225,59.27966384,52118,41.3807288,2640,3.214272893,18473,22.01966437,82230,198.2131403,6201,40.65626748,82076,48.75571767,12286,65.68765581,2231,29.93576708,549,51.1688177
,October,54689,63.38446637,56078,44.39763246,2610,3.173234732,19329,23.04094421,88828,214.0780382,6482,42.983336,88387,52.4509859,12979,69.83154042,2335,31.29859112,584,53.98711284
,November,54441,63.195298,56344,44.61715205,2510,3.053685141,19102,22.76689111,89173,214.9160615,6372,42.5502874,88302,52.35357238,12976,69.66819611,2490,33.6960861,645,60.02210935
,December,58442,67.87561256,60466,47.90463724,2713,3.301466731,20479,24.40092826,95716,230.6671716,7133,47.3707681,94740,56.1645929,13698,73.48052377,2708,36.69032965,629,60.45157572
2012,January,60257,68.18193407,62241,48.33280569,2856,3.464811374,20792,24.65362734,98850,232.1785376,7586,47.75629941,97357,56.84536741,14144,73.36327456,2793,35.56659833,618,55.79105168
,February,55765,63.07100743,57571,44.73183916,2668,3.243938564,19371,22.96906424,91297,214.4055878,7022,43.97446501,89905,52.49584726,13164,68.07805132,2577,32.84283449,668,60.08519626
,March,59112,66.81019838,60729,47.16639158,2726,3.309491428,20221,23.98206811,96894,227.5964277,7419,46.69149051,95370,55.68834159,13663,70.82397473,2758,35.16532231,631,56.11248866
,April,55731,62.95232366,57103,44.44018851,2680,3.249836414,19524,23.14801235,90630,212.8235147,7062,44.38182846,89498,52.2943595,12962,67.1370239,2705,34.17562026,607,53.64093659
,May,55116,62.12405161,56084,43.6639026,2749,3.339759686,19501,23.12477805,88950,208.8725126,6833,42.8321296,88154,51.54274868,13027,67.19353221,2640,32.91643382,546,48.66168574
,June,52086,58.65503745,53009,41.31617209,2661,3.228770723,18703,22.18546418,83731,196.5924242,6705,42.02748005,82889,48.50504536,12551,64.75933527,2394,30.00200007,556,48.83875321
,July,53583,60.35515426,53999,42.11259798,2785,3.380036323,19206,22.77845563,85591,200.9906809,6667,41.49501232,84906,49.68896469,13045,67.40901161,2393,29.80902768,571,49.94889381
,August,53503,60.24647961,54184,42.2252012,2575,3.129747089,19214,22.77730729,85898,201.6706567,6817,42.89123505,84960,49.68971242,12923,66.79449109,2393,29.94972766,594,52.68833563
,September,52731,59.48853703,53289,41.49772311,2606,3.163296592,18459,21.88312846,84955,199.4497132,6553,41.05444488,83949,49.05873171,12540,64.87859481,2418,30.35389258,560,49.30054303
,October,56167,63.46168472,57477,44.73123021,2625,3.188168475,19507,23.11991264,91512,214.8951097,6925,43.59685392,89941,52.51826313,13556,70.39021925,2609,32.51299406,613,53.5986122
,November,57393,64.79979119,58556,45.56261603,2691,3.264892833,19954,23.65015133,93304,219.0786261,7111,44.90387389,91804,53.6414649,13755,71.61288403,2671,33.74993297,608,55.93786617
,December,63877,72.26113138,64407,50.09064565,2918,3.542704776,21948,26.00326795,103418,242.823028,7849,49.20371803,101858,59.45420746,15004,77.90606094,2913,36.80037891,660,57.87009377
2013,January,70122,77.48490642,73263,55.68207701,2967,3.599837745,23043,27.06598258,117375,268.7654389,8932,53.48024097,113921,65.31664023,16299,82.28507858,3479,41.21779949,754,63.63664781
,February,58858,64.81185627,60620,46.24667695,2711,3.286938296,20023,23.51792604,96744,221.489121,7499,44.78758413,94442,54.27124111,13959,70.23753682,2946,34.95434216,632,53.26995056
,March,62472,68.71181431,64034,48.8854546,2872,3.479586026,21335,25.05890826,102299,234.1737711,7874,46.83624008,100073,57.49631032,14883,74.60830764,3062,36.18660973,614,52.77957927
,April,57699,63.2548726,57558,44.0363504,2764,3.347930604,19898,23.36507858,92595,211.9725152,7208,42.36927711,91074,52.41733969,13584,68.15676724,2789,32.91868585,602,51.58019932
,May,56492,61.91513443,55981,42.89732287,2702,3.276806785,19660,23.11268365,90111,206.186444,7069,41.82379742,88691,51.0865585,13345,66.83967392,2721,31.74591522,647,53.25735026
,June,53276,58.25708342,52842,40.46194387,2563,3.110473129,19009,22.32655735,84546,193.4322387,6740,39.77466785,83527,48.11567828,12684,63.47194003,2527,29.38449753,640,53.6141298
,July,54423,59.44500446,53848,41.30175641,2756,3.34247001,19575,22.98582703,85940,196.5962384,7072,41.61212197,84798,48.89159675,13209,66.1671735,2585,30.06327274,607,50.83616509
,August,53894,58.9458165,53921,41.31162275,2701,3.274737818,19149,22.48790879,85965,196.7110337,6924,41.04762248,84834,48.88699456,12919,64.7018723,2532,29.31712873,606,50.90259242
,September,52576,57.57602524,52682,40.35517296,2647,3.210106815,18487,21.69656818,84124,192.4587514,6711,39.75317426,82719,47.62673454,12721,63.49716471,2509,29.27336733,598,50.93961522
,October,56430,61.83194928,56503,43.22913483,2727,3.308864056,19582,22.99715755,90624,207.3020605,7201,42.53333662,89068,51.25047195,13476,67.37469517,2579,30.17751639,609,52.64891815
,November,57195,62.62299521,57087,43.70968114,2687,3.26077164,19993,23.46906717,91602,209.5568501,7421,44.05349397,89779,51.67009729,13725,68.66282288,2719,31.96205763,638,53.51885233
,December,63324,69.20189108,62113,47.5890891,3009,3.647246924,22581,26.50384634,99847,228.3851465,8307,49.04807124,98407,56.69264295,15044,75.19856325,2997,35.06913658,682,59.10669978
2014,January,67351,71.68938267,65934,49.80564305,3423,4.144134431,24355,28.25627195,105507,235.9345801,8996,49.85407794,104382,59.48449458,15918,76.75117991,3203,34.97599952,786,63.4633638
,February,58953,62.90906165,56825,42.85232815,2796,3.384189786,20603,23.89876433,92379,206.6035212,7537,41.76869167,90977,51.76675499,13743,66.41682393,2872,31.43976046,649,51.80098564
,March,62232,66.45433481,62164,46.79902915,2945,3.568785728,21737,25.2255502,99714,222.9794755,8068,44.80855475,97904,55.66590872,14706,71.28354881,3011,32.82424097,707,56.82835557
,April,58537,62.51497946,57905,43.57309831,2718,3.288809842,20207,23.43013396,93517,209.0758108,7459,41.36831132,91773,52.1380373,13845,67.14057491,2731,29.72809703,634,50.27421272
,May,58178,62.05065549,58053,43.70840102,2814,3.405632937,20292,23.52630379,93125,208.2021338,7523,41.90039242,91627,52.08338576,13587,65.50642209,2839,30.9008482,655,52.7967562
,June,54321,57.90750232,53921,40.66557717,2707,3.272469314,19217,22.29884525,86318,193.0268259,7149,39.43446435,84812,48.26603767,13041,62.99710818,2589,28.15387609,651,53.12476806
,July,55650,59.29164728,54832,41.32759259,2710,3.277885172,19746,22.90587951,88026,196.8142804,7328,40.66490853,86594,49.29944669,13217,64.00740241,2697,29.43782674,646,51.52651021
,August,54638,58.20068203,54357,40.95203023,2675,3.235147396,19301,22.38780756,87019,194.4664769,7269,40.42054108,85081,48.38966545,13328,64.61036015,2670,29.03985054,647,51.34571849
,September,54227,57.8835231,53929,40.60373526,2599,3.139356112,18864,21.87662737,86693,193.7779142,7170,39.78942742,84669,48.12404568,13086,63.31042367,2613,28.65415327,618,50.45615251
,October,58188,62.15450285,57387,43.21186946,2734,3.308032172,20039,23.22317777,92802,207.5102297,7566,42.03482284,90548,51.44857671,13922,67.60046763,2839,30.82439601,700,56.25445084
,November,59895,63.9824789,59112,44.51108367,2976,3.596465937,20559,23.83434184,95472,213.4617251,8007,44.552451,93179,52.9673169,14248,69.20521716,2917,31.69363105,656,53.32966687
,December,66190,70.88591535,66274,49.79482413,3057,3.697200924,22121,25.61742041,107286,239.8433096,8943,50.17195229,103907,58.88931195,15690,76.27675654,3158,34.54620697,766,61.50858598
2015,January,72088,75.47829078,73243,53.98024422,3083,3.721574914,23741,27.20781804,118507,259.237286,9948,52.4992844,114353,63.98894439,16513,77.91807491,3705,38.04144084,812,62.92048221
,February,62003,64.69489643,62387,46.04878842,2724,3.295742592,20656,23.64209943,101010,220.8154354,8319,43.91869515,97349,54.51295462,14960,70.53430636,3062,31.46023401,700,53.54883411
,March,65971,68.81731461,66185,48.89258744,3107,3.754398684,22271,25.49327044,106778,233.2616466,8814,46.50584064,103775,58.14843425,15538,73.00134552,3209,32.78148345,820,64.51189353
,April,60751,63.23144032,60674,44.86435648,2786,3.363782896,20757,23.77133667,97882,213.8339259,8167,43.06582802,95283,53.42352137,14229,66.80341864,3029,30.80183011,717,55.03609918
,May,60270,62.6137136,59362,43.96231375,2923,3.53056313,21130,24.20714377,95579,208.7479956,8253,43.19208689,93478,52.49850534,14058,65.89634554,3095,31.31323196,748,56.54757933
,June,56919,59.14248951,55440,41.10177954,2743,3.31489249,20062,22.98105731,89554,195.5596726,7577,39.41188548,87763,49.31973184,13382,62.5980831,2979,30.52337414,658,50.56744022
,July,58178,60.38243977,57505,42.6526785,2915,3.521307224,20499,23.50389474,92269,201.478589,7934,41.3266823,90130,50.65307441,14087,65.94118609,2842,29.04672504,690,53.17482967
,August,57450,59.61275598,55946,41.46062253,2813,3.397854458,20249,23.1950368,90334,197.2389791,7996,41.73121225,87919,49.40257664,13886,65.14487288,2951,29.9553131,644,48.96718245
,September,56052,58.20668394,55162,40.88826249,2677,3.232582544,19647,22.50402499,88890,194.0868747,7782,40.88767791,86578,48.62011467,13355,62.62163163,2820,28.63185968,679,53.22994965
,October,60155,62.46385206,59160,43.849529,2941,3.553326251,20841,23.85592998,95533,208.5526575,8190,42.77212549,93063,52.22813649,14518,67.95087919,2871,29.21157669,673,50.63963179
,November,59915,62.27168188,58652,43.4617674,2724,3.28748917,20715,23.69360589,95128,207.7480536,8146,42.80296304,92269,51.74050366,14400,67.66083172,3039,30.98532745,713,55.71185632
,December,64236,66.76053787,62506,46.28420603,3017,3.646243104,21912,25.05806716,101813,222.2245274,9012,47.37219292,98534,55.242675,15089,70.69505781,3363,34.31012447,744,56.89461313
2016,January,68194,69.52257318,66462,48.43665084,3093,3.752648913,22944,26.09648423,108619,232.4118911,9412,47.45787036,104681,58.03850101,16228,74.22704187,3589,35.01268833,746,55.5824087
,February,63902,64.98397848,62355,45.51987714,2960,3.599609068,22022,25.04054954,101275,216.5530992,8968,44.88769961,97878,54.29207361,15295,69.78332644,3363,32.60630862,753,54.81174224
,March,66895,67.99424954,65559,47.82654848,3088,3.746595954,23232,26.43066777,106134,226.753003,9119,45.58958681,103132,57.18268942,15991,72.70677508,3431,33.49058332,781,58.05614643
,April,62078,63.04730386,60461,44.09238472,2939,3.563765098,21428,24.34212954,98172,209.7880821,8388,42.00952228,95618,53.02621243,14555,66.00634944,3249,31.39352343,729,54.1545337
,May,60911,61.83172175,59396,43.32194581,2980,3.609414357,20968,23.83102787,96359,205.8559975,8298,41.3384736,93661,51.92186767,14418,65.53850255,3180,30.73082981,750,54.75040408
,June,57938,58.73410468,55654,40.61076385,2842,3.439356933,20070,22.84496075,90680,193.6506684,8156,40.7274763,88185,48.95128076,13684,62.11651675,2885,27.90870333,682,49.6800478
,July,58863,59.67214401,56894,41.62636928,3006,3.635999616,20742,23.60119751,92009,196.5460717,8057,40.08789569,89571,49.77525075,14455,65.84612526,2993,28.74230409,681,49.49011058
,August,59083,59.84586402,56819,41.50787936,2900,3.518612709,20684,23.53245895,92318,197.2269818,8087,40.45418624,89725,49.84979914,14355,65.34800992,2987,28.85888847,748,56.03223803
,September,57365,58.27526733,56145,40.99605975,2839,3.440926478,20018,22.7721946,90653,193.657342,7842,39.14192824,87945,48.81930941,14065,64.09692625,2927,28.42316298,731,53.44706799
,October,62097,63.12568882,59817,43.68181296,3037,3.680368853,21116,24.04947837,97761,208.850532,8649,43.09488562,94224,52.26356052,15106,68.80147781,3197,30.89778145,738,53.76659352
,November,62297,63.3467115,60506,44.11370985,2901,3.513520101,21234,24.13372182,98668,210.8382333,8519,42.70184184,95341,52.88062116,15082,68.76607929,3157,30.66154127,704,52.04265298
,December,69456,70.59304181,66856,48.77199073,3263,3.945076901,23386,26.56781341,109663,234.2539636,9548,47.79498814,105787,58.61440184,16605,75.61712929,3556,34.58396805,816,60.41152977
2017,January,73115,72.57397575,71420,51.01499297,3250,3.902861452,23912,26.97137184,117373,244.707062,10336,49.10005721,112359,61.33729227,16941,74.79534971,4002,36.53223903,897,64.69515158
,February,65057,64.5987157,63633,45.51558297,2938,3.513795014,21497,24.27192555,104255,217.3640882,9073,43.17247598,100104,54.70248833,15156,66.79932145,3609,32.89562271,748,52.75125386
,March,69731,69.1878759,68177,48.794786,3173,3.812256545,23401,26.38941965,111334,232.0761922,9441,44.77352109,107190,58.56867891,16767,73.85222491,3680,33.56683155,830,58.63952425
,April,63371,62.78801836,62013,44.4274922,3031,3.646347985,21467,24.23803284,100886,210.1405239,8870,41.9195363,97067,53.06305033,15234,67.09314125,3429,31.14406436,784,55.68573996
,May,63375,62.55524386,60782,43.62198858,3015,3.614154509,21727,24.52205576,99415,207.0347674,8904,41.97933685,96005,52.52504421,15190,66.76421618,3309,30.06769451,749,52.76582287
,June,60300,59.54011544,57110,41.00523355,2950,3.534981707,20910,23.59768044,93550,194.7231186,8469,40.01587922,90527,49.57645048,14540,63.94871648,3162,28.65629178,712,49.5804964
,July,60607,59.81563466,57625,41.376355,3053,3.663802344,21107,23.82172935,94072,195.830492,8531,40.17982299,91074,49.90467156,14641,64.41760485,3304,29.88912079,682,47.8775215
,August,60491,59.75330915,57520,41.26120427,3056,3.661091438,20750,23.45025697,94205,196.056828,8415,39.46599588,90954,49.79836115,14665,64.75540989,3245,29.41208873,732,52.2530273
,September,60101,59.38087422,57435,41.1727446,2903,3.48498007,20577,23.23988467,94056,195.7641458,8391,39.50391293,90718,49.62656201,14465,63.7873334,3186,28.85955225,776,55.23017211
,October,63702,62.95539037,60841,43.60737654,3003,3.599946029,21355,24.08053545,100185,208.5985683,8988,42.32283559,96097,52.47777801,15348,67.65471244,3360,30.42458312,750,53.12806917
,November,64562,63.80537887,61494,44.07940603,3066,3.684349269,21361,24.05640342,101629,211.6074129,9188,43.42379854,96954,52.91842117,15747,69.51395101,3381,30.66098413,786,56.12370428
,December,72554,71.80638052,70386,50.41343302,3301,3.960970719,24139,27.21467683,115500,240.3953369,10619,50.36115629,109927,59.93957973,17454,76.83611406,4039,36.75335848,901,63.88542183
2018,January,80788,78.24094203,78701,55.22517672,3508,4.172811465,26025,29.3102115,129956,264.2490766,11610,52.95881609,123098,66.14424014,19342,83.08038639,4499,39.09946576,940,63.85596972
,February,66534,64.28384809,64309,45.2201395,2953,3.523239081,21911,24.69639046,105979,215.2960742,9488,43.11372914,101113,54.40578322,15941,68.45200947,3532,30.69689503,769,51.64506227
,March,70484,68.10630466,67430,47.4432893,3225,3.838627781,23279,26.26744937,111410,226.4454281,9934,45.06867896,106411,57.29836876,16680,71.58971379,3984,34.49765314,905,60.91866165
,April,65621,63.34505817,62604,44.0962863,2969,3.536109585,21618,24.40761799,103638,210.4565412,9226,41.84546409,99050,53.28431218,15599,66.79868072,3587,31.04054342,763,51.22593042
,May,64383,62.05201654,60523,42.65110003,3106,3.695550818,21699,24.45193497,100101,203.1201678,9075,40.89025029,96317,51.90895639,15261,65.20369737,3446,29.73713917,807,54.04358304
,June,61337,59.0962259,57480,40.53136028,3032,3.608813092,20910,23.60628314,94875,192.4289089,8885,39.88523653,91088,49.12357583,14788,63.09524086,3333,28.66518801,723,48.79292753
,July,62630,60.2713764,58334,41.15737656,3073,3.654119365,21246,23.9804655,96645,196.0811342,8850,39.94677062,92635,49.98617193,15348,65.5801929,3347,28.87054437,784,52.70027414
,August,62103,59.74193229,58218,41.11544489,3052,3.641735908,21101,23.78568436,96168,195.0956708,8932,40.28464164,92101,49.69428736,15260,65.21367606,3287,28.41378758,741,48.65763026
,September,60387,58.12679243,56702,40.01269712,2953,3.513536731,20162,22.77511644,93974,190.624158,8507,38.38697296,89709,48.36909533,14874,63.50018105,3260,28.16915688,739,49.95199419
,October,65113,62.79599141,61813,43.54916911,3129,3.724972374,21627,24.34965061,102170,207.3829935,9099,41.08123017,97782,52.64995885,15779,67.46642935,3482,30.03880487,784,51.97259205
,November,66181,63.74004115,62525,44.06143737,3110,3.705297991,21919,24.66531102,103677,210.3809499,9314,42.1383282,98774,53.12861428,16057,68.68840432,3746,32.46354188,815,54.94356644
,December,71024,68.42210599,67178,47.25175355,3167,3.763883259,23229,26.1693359,111806,226.9723611,10200,46.0544066,105925,56.93208103,17241,73.96417113,3945,34.06144767,891,59.65843372
2019,January,74307,70.06981718,70054,48.61360923,3309,3.909204726,24273,27.36776611,116779,231.7193563,10661,46.55911993,110673,58.75793549,17996,74.82687759,4119,33.86823213,912,59.82367904
,February,67330,63.44207363,63066,43.73460097,3004,3.54819317,22013,24.81443448,105379,208.9391607,9644,41.90870523,100018,53.122446,15957,66.23497758,3947,32.41840002,830,53.39683605
,March,73360,69.13122833,68976,47.83372091,3392,4.007912626,23691,26.73368544,115253,228.5780311,10496,45.65917278,109404,58.08882908,17462,72.74978541,4097,33.67779368,877,57.07030613
,April,67305,63.43760036,63441,44.01638033,3183,3.761770923,21925,24.73912681,105638,209.5187016,9565,41.68495788,100705,53.53218286,15968,66.35704518,3665,30.03933615,843,54.82542848
,May,67402,63.48017149,62585,43.45196985,3166,3.734084292,21873,24.68612676,104948,208.0807982,9642,42.15397568,99857,53.05203189,16085,66.92668789,3607,29.63020721,796,51.44495049
,June,63547,59.71377075,59414,41.23418296,2948,3.482614337,20871,23.5492027,99142,196.4314379,9068,39.40431023,94415,50.16350325,15311,63.67273624,3455,28.23554355,712,46.33895146
,July,64494,60.64473528,59728,41.52005427,3156,3.729732951,21488,24.30934958,99578,197.2974939,9311,40.29532657,95052,50.61716118,15653,65.06481401,3450,28.24822523,756,49.1183878
,August,63704,59.91722448,58896,40.9503374,3079,3.639081451,20873,23.55525402,98648,195.4269647,9184,39.6299692,94021,50.00739061,15266,63.4896398,3379,27.5872179,750,49.15213212
,September,62200,58.52638677,58018,40.25213523,2915,3.447635382,20402,23.01917848,96901,192.104438,8948,38.84308176,92053,48.94108735,15194,63.18215521,3320,27.15997705,703,45.87717799
,October,66559,62.65312096,62835,43.59218477,3150,3.715405281,21474,24.21553406,104770,207.7118225,9596,41.69622013,99133,52.63510106,16181,67.29145285,3690,30.37048124,794,51.21043522
,November,67866,63.83767219,63743,44.23916352,3166,3.738289569,21945,24.75339162,106498,210.9920911,9694,42.11140645,100523,53.3483739,16728,69.46241591,3832,31.43525541,832,53.92849782
,December,72792,68.56655837,69128,47.96506041,3479,4.10914979,23698,26.71756663,114743,227.5634617,10652,46.1800435,108340,57.5470746,17880,74.52266506,4216,34.72749942,832,54.46365844
2020,January,75854,69.98675707,71398,48.83636805,3555,4.149417983,24385,27.55490933,119312,231.5793168,11358,47.35655212,112160,59.00528299,18360,74.37791953,4439,34.56468253,935,58.57129716
,February,70493,65.06342322,66087,45.20549828,3254,3.79396167,22831,25.77040071,110495,214.428063,10258,42.76326955,104100,54.75092705,17180,69.33272935,4184,32.71864331,858,53.88275231
,March,77338,71.33273326,71233,48.79290656,3679,4.300599675,25076,28.31395466,119816,232.5705572,11787,49.06206369,111073,58.47227373,20087,81.42156204,4692,36.63359409,932,58.51711576
,April,91011,83.87643443,83554,57.09972649,4298,5.022369622,28972,32.78391465,141295,274.2877529,17285,71.75862476,120866,63.59536063,28911,118.2562667,6467,50.32873064,1036,64.05861878
,May,78879,72.61162901,73324,50.26214673,4097,4.786623852,26658,30.24344601,121448,235.4252186,13404,55.05139589,110696,58.42741095,22220,90.00901828,4886,38.11707534,997,61.9835418
,June,71371,65.59800161,65254,44.9053797,3877,4.515526723,24862,28.24074099,107886,208.8704248,12323,50.42473356,100303,53.04513309,18845,75.88365687,4152,32.31888723,1002,62.21068971
,July,80019,73.36080961,71620,49.38970772,4538,5.298417014,27810,31.53590484,119291,230.6471357,16253,66.69330584,108450,57.31802182,21391,85.9290948,4443,34.50753724,1102,66.88908178
,August,78233,71.77429181,71414,49.15666186,4155,4.849301627,26846,30.4314231,118646,229.6143092,14415,58.89728104,109001,57.61191907,20714,83.45650017,4501,35.07995737,1016,62.98504584
,September,72974,67.05840349,66861,45.93564299,3748,4.384240429,24536,27.82376615,111551,215.8750942,11662,48.02332034,104563,55.17357045,18513,74.36053372,4092,31.87225375,1005,62.51714896
,October,78178,71.92365738,71724,49.21669591,3983,4.650152306,25814,29.22536623,120105,232.6195821,12044,49.45097913,113010,59.52362354,19336,78.06494207,4308,33.4954873,1204,74.26992843
,November,86895,79.99402834,77755,53.26066786,4066,4.747509823,27094,30.61808276,133490,258.6886571,14423,59.40850917,123321,64.73288592,20874,84.12701906,4778,37.09067707,1254,77.07604933
,December,106115,97.60942891,92755,63.47731416,4545,5.309756022,32952,37.23404113,161373,312.5322365,19922,81.72437153,145254,76.13878237,25338,102.3893096,6865,53.47469821,1491,92.22104552
2021,January,,98.08593242,,64.39814262,,5.827352112,,39.03248504,,312.868235,,88.23428039,,75.53866333,,108.3282853,,96.86248985,,96.76225282
,February,,75.5339689,,49.78178118,,4.804981909,,31.32163661,,238.5599552,,59.81707984,,59.42723555,,87.44661604,,70.25475713,,69.15830893
,March,,72.07778748,,48.6347677,,4.939776414,,30.66019828,,228.6442524,,52.2070373,,58.69080528,,80.6854336,,65.47029208,,64.11324315
,April,,68.50550797,,45.84010863,,4.885936547,,29.85874866,,214.39426,,45.88041934,,55.95339634,,78.58444075,,60.68343652,,58.94246676
,May,,67.22694859,,46.1664739,,4.786337782,,29.62201239,,181.5134599,,44.88867098,,55.94419616,,76.67963004,,59.3172678,,59.18606139
,June,,63.97262644,,43.65856997,,4.688956136,,27.81621616,,202.7623254,,41.62575287,,53.54695793,,70.67096606,,59.5898088,,59.71227335
,July,,66.46093324,,45.94064839,,4.87654425,,28.96034791,,212.2369853,,44.07372546,,55.71357003,,74.62291896,,63.14842863,,61.98947813
,August,,77.53841839,,52.0062518,,6.333677033,,35.47775199,,238.0804425,,54.02486926,,63.06734306,,90.15302161,,78.39501075,,76.42796668
,September,,78.07870866,,52.9400407,,6.452412019,,36.70756573,,239.3042655,,54.31607642,,64.34579371,,87.94489277,,80.17863259,,78.57821149
,October,,76.15142854,,52.26695458,,5.486582735,,33.56129047,,241.2842049,,50.49892756,,64.2113961,,79.82149314,,75.07537119,,75.85200731
,November,,74.86239109,,50.93637804,,4.83579778,,31.18549218,,240.5352663,,49.68957321,,62.82360393,,78.1763969,,74.14658861,,75.12508478
,December,,82.07238392,,55.93130603,,5.275798893,,34.36433565,,263.5698575,,54.3198773,,68.89957421,,85.68660915,,79.9266867,,78.31888499
